name,japanese_name,region,distance_km,elevation_gain_m,duration_hrs,difficulty,solitude,description,crowd_notes,best_dates,access,lat,lng,source_url,platform
Chisuji Falls Short Walk,千条の滝,hakone,4,200,1.5,easy,4,"Moss-covered basalt waterfall where water filters through ancient lava in a thousand white strands across a 20m rock face. Cedar forest approach from Kowakidani Station.",Empty on weekday afternoons,2026-05-07,Hakone Tozan Railway to Kowakidani Station (2 stops from Yumoto; 10 min; Y310),35.2452,139.0519,https://yamap.com/mountains/15738,yamap
Hakone Cedar Avenue (Sugi-namiki),箱根旧街道杉並木,hakone,1.5,0,0.75,easy,3,"420 Japanese cedars planted in 1618 on Tokugawa Shogun's orders. 400+ year old massive trunks form a cathedral canopy over stone-paved Tokaido path. Late afternoon light is extraordinary.",Moderate at checkpoint area; cedar avenue quieter after 4pm,2026-05-07,Bus from Hakone-Yumoto to Moto-Hakone (Route K/H; 35 min; Y1000),35.1956,139.0292,https://hakone-japan.com/discover/national-park/area-information/,alltrails
Otamagaike Pond Detour,お玉ヶ池,hakone,5,200,2.5,easy,5,"Dark still mountain pond surrounded by wild mixed forest (pine and deciduous). Named after a girl executed in 1702 for sneaking through the Hakone checkpoint. Haunted atmosphere; 20 min off Old Tokaido into completely untouched native woodland.",Essentially empty,2026-05-07|2026-05-08,Branch trail off Old Tokaido south of Moto-Hakone toward Hatajuku,35.1850,139.0183,https://hakone-japan.com/discover/national-park/area-information/otamage-pond/,other
Yusaka Historic Trail (Mt. Sengen),湯坂路,hakone,6.5,330,3.5,moderate,5,"Hakone's oldest road — predating the Tokaido by 800 years. Narrow earthen path through cedar and beech forest with stone Bodhisattva carvings. Detour to Chisuji Falls and Hiryu Falls. Ruins of Yusaka Castle.",Very low even on weekends; weekday in May nearly empty,2026-05-08,Bus from Hakone-Yumoto to Ashi no Yu stop; descend to Yumoto,35.2050,139.0332,https://www.alltrails.com/trail/japan/kanagawa/mount-yusaka-hakone-yumoto,alltrails
Lake Ashinoko West Bank Trail,芦ノ湖西岸歩道,hakone,11.5,50,3.8,easy,5,"Entire western shore of Lake Ashi through cedar maple and cypress forest. Sandy beaches stone floodgates and lake views with Mt. Fuji reflections. No escape points mid-route deters casual visitors.",Near-empty even in busy season; multiple reports of seeing zero other hikers,2026-05-08,Bus from Hakone-Yumoto to Togendai (Route T; 40 min; Y1180),35.2323,139.0220,https://www.japan.travel/national-parks/parks/fuji-hakone-izu/see-and-do/lake-ashinoko-west-bank-trail/,other
Sengokuhara Kojiri Nature Trail + Botanical Garden,仙石原こじり自然探勝路,hakone,6,30,2,easy,4,"Highland plateau walk through cedar and bamboo groves following the Haya River to the 350-year-old Kojiri floodgate on Lake Ashi. Pair with Hakone Botanical Garden of Wetlands (Y700; 1700+ plant species).",Low; draws botanically-interested Japanese visitors not mass tourism,2026-05-08,Bus from Hakone-Yumoto to Sengoku Annaijo-mae (Route T; 25 min; Y840),35.2315,139.0096,https://www.hakonenavi.jp/international/en/spot/305,other
Mt. Myojogatake via Miyagino,明星ヶ岳,hakone,6.7,570,4,moderate,5,"Southern peak of the outer caldera ridge. Climbs through old-growth giant cedar forest then opens to bamboo grass ridge with views of Sagami Bay Hakone Valley and Mt. Fuji. No teahouses no facilities no crowds. Hakone's Daimonji fire mountain.",Very low; one report of encountering mostly trail runners on a Saturday,2026-05-08,Bus from Hakone-Yumoto to Miyagino stop (Route L; 15 min),35.2415,139.0533,https://www.alltrails.com/trail/japan/kanagawa/miyanoshita-mount-myojogatake-miyagino,alltrails
Mt. Myojingatake via Tsukahara,明神ヶ岳 塚原ルート,hakone,15.7,1144,6.5,hard,5,"The most dramatically underrated trail in Hakone. Ninomiya Kinjiro's historic firewood path. 4-hour ascent through cedar forest to exposed caldera rim with 360-degree views: Fuji Southern Alps Sagami Bay. One hiker encountered one other person on the entire trail.",Essentially empty; the Tsukahara approach is unknown outside Japanese hiking forums,2026-05-09,Izu Hakone Railway Daiyuzan Line to Tsukahara Station from Odawara (15 min; Y240),35.2843,139.0791,https://ridgelineimages.com/hiking/mt-myojingatake/,ridgeline
Daimonjiyama via Anraku-ji (Nyoi Kodo),大文字山 如意古道,kyoto,5,280,2.5,moderate,4,"Ancient Nyoi Kodo mountain passage past Roumon Waterfall and Onin-era castle ruins to the true summit (472m). Descent via Honen-in temple through quiet forest almost nobody uses even on weekends.",Ginkaku-ji end moderate; Anraku-ji approach and Honen-in descent very low,2026-05-09|2026-05-13,Walk from Shinnyodo-mae bus stop (bus 17 or 5 from downtown),35.0193,135.7917,https://hidden-gems-of-kyoto.find-japan.com/the-kyoto-trail-anrakuji-temple-roumon-waterfall-daimonji-mountain-himukai-daijingu-shrine/,other
Lake Biwa Canal Walk (Miidera to Nanzen-ji),琵琶湖疏水,kyoto,10,200,3.5,easy,4,"Meiji-era engineering walk along the historic canal. New green foliage over water with almost no crowds beyond Keage. Ends at the famous Nanzen-ji aqueduct. Can combine with Philosopher's Path or Daimonjiyama ridge.",Miidera-Yamashina stretch very low; Keage-Nanzen-ji moderate,2026-05-09|2026-05-13,Keihan Ishiyama-Sakamoto Line to Miidera Station,35.0033,135.8488,https://4corners7seas.com/asia/japan/hiking-kyoto/biwako-canal/,other
Mt. Hiei via Kirara-zaka (Shugakuin),比叡山 雲母坂,kyoto,14,900,5.5,hard,3,"The ancient monks' path walked by Shinran and Honen. Rock-channel trench under canopy then steep cedar and cypress forest. Summit: Enryakuji's moss-covered stone lanterns in old-growth forest. Descent to Sakamoto on the Shiga side.",Popular with Japanese day-hikers but manageable mid-week in May,2026-05-10|2026-05-11,Eizan Line from Demachiyanagi to Shugakuin (5 min; Y210),35.0661,135.7923,https://www.alltrails.com/trail/japan/kyoto/hieizan-enryakuji-shugakuin-kyoto,alltrails
Kiyotaki River Gorge (Kiyotaki to Takao),清滝川渓谷,kyoto,8,100,2.5,easy,5,"Arguably the best short low-stress nature walk near Kyoto. Emerald-clear river through a narrow gorge flanked by 600-year-old Kitayama sugi cedars. Swimming holes along the way. Northern end has Jingo-ji Temple with hilltop pagoda.",Very low on weekdays in May; only busy in November for autumn foliage,2026-05-09|2026-05-10,JR Bus from Kyoto Station to Takao (50 min; Y520) or bus 94 from Arashiyama,35.0482,135.6658,https://www.roadsandridges.com/kyoto-meandering-river-walk-the-kiyotaki-to-takao-hiking-trail.html,other
Mt. Atago Loop via Tsukinowadera,愛宕山 月輪寺ルート,kyoto,10,900,5.5,hard,4,"Kyoto's highest peak (924m). Stone-stepped pilgrim path through enormous old-growth cedar. Summit: Atago Jinja fire-protection shrine with no road access giving genuinely remote feel. Descent via Tsukinowadera temple is the quieter more interesting route down.",Significantly less crowded than Mt. Hiei (no cable car or road to top). A handful of pilgrims and runners mid-week.,2026-05-10|2026-05-11,Bus 94 from Hankyu Arashiyama to Kiyotaki (12-18 min),35.0482,135.6658,https://4corners7seas.com/asia/japan/hiking-kyoto/atago/,other
Kitayama West Course (Ninose to Himuro),北山西部コース 京都一周トレイル,kyoto,19.3,1300,9,hard,5,"Most rewarding and least-visited section of the entire Kyoto Trail. Dense Kitayama sugi cedar plantation with mossy understory through the Kuriyasha-dani valley. Himuro ghost village where imperial ice was stored. Ancient monks' path.",Near-zero on weekdays. Almost no one does the full course as a day hike.,2026-05-11|2026-05-12,Eizan Kurama Line from Demachiyanagi to Ninose (end of line; 35 min),35.1303,135.7658,https://kyoto-trail.net/course_kita_w1_e.html,yamakei
Kitayama East Ridge (Cable-Hiei to Ohara),北山東部コース,kyoto,17.9,900,9,hard,5,"Serious ridge traverse on the Kaihogyo-do monks' marathon path. Cedar tunnel paths with rope barriers at sacred sites. Yokotakayama (767m) and Mizui-yama (794m) are the highest points. Descent through Shizuhara farming hamlet.",Very low. Almost no foreign tourists and few Japanese hikers. Yamakei describes it as touching silence.,2026-05-11|2026-05-12,Eizan Cable Car from Yase-Hieizanguchi Station (20 min + 9 min cable car),35.0843,135.8364,https://kyoto-trail.net/course_kita_e1_e.html,yamakei
Kibune to Ohara via Konpira-san,金比羅山経由 大原,kyoto,18,900,7,hard,4,"Extended Kurama traverse crossing through virtually no tourist infrastructure. Mt. Konpira has a craggy ridge with views back toward Kyoto. Descent to Jakko-in passes through genuine satoyama landscape: rice fields old farmhouses and a 1700-year-old shrine.",Konpira-san and Ebumi-Ohara section very low. Check if Hanazono Forest Road section is open (was closed through June 2026).,2026-05-10|2026-05-13,Eizan Line from Demachiyanagi to Kibune-guchi,35.1060,135.7637,https://www.metrotrekker.com/japan-kyoto-hiking-kibune-to-ohara-via-kurama-and-konpira-san,other
Upper Daigo-ji (Kami-Daigo),上醍醐,kyoto,5,400,3.5,moderate,5,"Lower Daigo-ji is UNESCO-listed and crowded. The moment you start climbing the crowds stop. Ancient Shingon founding site with wooden halls clinging to forested mountainside. One report: not a single soul on the trail or at the top.",Near zero above the lower complex gate,2026-05-13|2026-05-14,Tozai Subway Line to Daigo Station then 10 min walk,34.9480,135.8263,https://4corners7seas.com/asia/japan/hiking-kyoto/daigoji/,other
Mt. Uryu Loop (Kitashirakawa),瓜生山,kyoto,7,420,3,moderate,5,"Essentially unknown to tourists. Wooded ridge between Kitashirakawa and the Hiei foothills traversed almost exclusively by locals and trail runners. Exposed roots and dense secondary forest. Only 10 reviews on AllTrails.",Very low. Genuine solitude likely.,2026-05-09|2026-05-13,Bus from Kyoto Station to Kitashirakawa Dori stop,35.0464,135.7970,https://www.alltrails.com/trail/japan/kyoto/kitashirakawa-mount-uryu-shugakuin,alltrails
Todoroki Valley,等々力渓谷,tokyo,3,15,1.5,easy,4,"Tokyo's only natural valley inside the 23 wards. Narrow gorge with zelkova bamboo-leaf oak canopy. Temperature drops as you descend. Todoroki Fudo-son temple with stone lanterns and small waterfall at far end. Reopened March 2026 after 2.5 years closed.",Low on weekdays. Known mainly to Setagaya residents not tourists.,2026-05-14,Tokyu Oimachi Line to Todoroki Station; 2-min walk,35.6147,139.6372,https://www.japan-guide.com/e/e3034_005.html,other
Mt. Kawanori via Hyakuhiro Falls,川苔山,tokyo,13,933,6,hard,4,"Named for river (kawa) and moss (nori). Trail follows the Kawanori River valley past a spectacular 40m free-falling waterfall in a narrow gorge. Rope-assisted boulder sections to the summit at 1363m — highest significant day hike in Tokyo. Dense cedar river valley.",Popular with Japanese hikers but Okutama base keeps casual tourists away. Virtually no foreigners.,2026-05-15,JR Chuo/Ome Line to Okutama Station (105 min from Shinjuku); bus to Kawanori-bashi (13 min; Y290),35.8237,139.1018,https://ridgelineimages.com/hiking/mt-kawanori/,ridgeline
Mt. Mito via Lake Okutama,三頭山,tokyo,11.4,991,5,hard,5,"Three-peaked summit at 1531m with ancient beech forest protected since the Edo Period. Lake Okutama approach is quieter than the Citizens' Forest side. Mito Waterfall (33m) with suspension bridge. One report: saw only two people during entire 5-hour hike.",Very low on the lake approach. Near-guaranteed solitude.,2026-05-15,JR Ome Line to Okutama Station then bus to Ogouchi Jinja (30 min; Y560),35.7871,139.0151,https://ridgelineimages.com/hiking/mt-mito/,ridgeline
Mt. Jinba to Mt. Takao Ridge Traverse,陣馬山→高尾山,tokyo,16,665,6.5,moderate,2,"Long comfortable ridge walk between grassy summits with tea houses. Panoramic views including Mt. Fuji from Jinba's summit. Trail 4 descent from Takao is the quiet alternative.",Jinba calm; middle ridge moderate; Takao itself extremely popular. Use Takao Trail 4 to descend quietly.,2026-05-15,Keio Line to Takaosanguchi (50 min; Y390); bus to Jinba-Kogen Shita (40 min; Y580),35.6476,139.1544,https://hikesinjapan.yamakei-online.com/course/3.php,yamakei
Mt. Sengenrei + Hossawa Falls,浅間嶺 払沢の滝,tokyo,7.8,623,4,moderate,5,"Begins with Japan's Top 100 Waterfalls (60m secluded mossy cedar setting). Then climbs through working water wheels thatched-roof farmhouses and mountain cherry trees to the Sengenrei ridge at 903m. Hinohara Village is Tokyo's only remaining village designation.",Low. Genuinely rural sparsely visited area. No tourist infrastructure.,2026-05-17,JR Chuo/Itsukaichi Line to Musashi-Itsukaichi Station (80 min); bus to Hossawa-no-taki Iriguchi (25 min; Y470),35.7300,139.1412,https://ridgelineimages.com/hiking/mt-sengenrei/,ridgeline
Hatonosu Gorge,鳩ノ巣渓谷,tokyo,6,50,2,easy,5,"Compact river canyon with clear turquoise-green pools dramatic rock formations and a suspension bridge. Shaded cedar and maple forest. One AllTrails reviewer: there was literally no one throughout the trail. 3 min from train station — no bus needed.",Very low. Japanese families on weekends but international visitors almost never visit.,2026-05-17,JR Ome Line to Hatonosu Station (110 min from Shinjuku); 3-min walk to gorge,35.8115,139.1254,https://www.alltrails.com/trail/japan/tokyo/okutama-station-hatonosu-gorge-kori-station,alltrails
Mt. Takao Trail 6 (Stream Route),高尾山 6号路,tokyo,6.6,400,2.5,moderate,3,"Follows the Mae-no-sawa stream past Biwa-taki waterfall where Shinto ascetics practice waterfall meditation. Narrow unimproved trail with exposed roots bridges and stepping stones through the actual streambed. The anti-tourist Trail 1.",Lighter than Trail 1 but not empty. Be at trailhead by 7am for quiet.,2026-05-15|2026-05-17,Keio Takao Line to Kiyotaki Station; 5-min walk,35.6257,139.2438,https://en.mttakaomagazine.com/trails/6th,other
